Event ID,Event Date,Site name,Site ID,NAIS Premise ID,Site key,Site Owner,Site Vet,Latitude,Longitude,Facility (site) type,Site size (pigs/sows),Vaccine Status,Flow,Source 1,Source 2,Source 3,Source 4,Source 5,Source 6,Disease,Gene,Nucleotide sequence,RFLP,Type (EU / NA),grouping,D-Lab case #,D-Lab,Pig group ID #,Pig Stage,Pig Age,Age Unit,Clinical score,Description,PCR Ct Value,Sample type ,Alt D-Lab case #1,Alt D-Lab 1,Alt D-Lab case #2,Alt D-Lab 2,Request DATE,Date SEQ Entered,MISC Comment,,Lists for Data Validation,Notes
Ad-20060515-AIGEN3,5/15/2006,AIGEN3,AIGEN3,AIGEN3,AIGEN3,,,65.97222,-150.55111,Boar Stud,200,,,,,,,,,PRRS,ORF5,ATGTTGGGGAAATGCTTGACCGCGGGCTGTTGCTCGCAATTGCTTTTTTTGTGGTGTATCGTGCCGTTCTGTTTTGTTGCGCTCGTCAACGCCAACAACAGCAGCAGCTCCCATTTACACTCGATTTATAACCTGACAATATGTGAGCTGAATGGCACAAATTGGCTAAATAAAAAATTTGATTGGGCAGTGGAGACCTTTGTCATCTTTCCTGTATTGACTCACATCGTCTCCTATGGTGCCCTCACCACCAGCCATTTCCTKGACWCAGTCGGTTTGGTCHCTGTGTYCACCRCCGGATACTACCACGGGCGGTATGTCCTGAGTAGCATTTACGCTGTCTGCGCCCKGGCCGCGCTGATTTGCTTCGCCATCAGKCTGACGAAAAACTGCATGTCCTGGCGCTACTCATGTACTAGGTATACTAACTTTCTTCTAGACACCAAGGGCAAACTCTATCGTTGGCGGTCTCCCGTCATCATAGAGAAAGGGGGAAAAATCGAGGTCAACGGTCACTTGATCGACCTCAAGAGAGTTGTGCTTGATGGTTCCGCGGCAACCCCTGTAACCAAAGTTTCAGCGGAACAATGGGGTCGTCCTTAG,1_18_4,NA,06-IGEN,2006026717,Lab1,,,,,,,,,,,,,,,,,,
Ad-20060520-AIGEN3,5/20/2006,AIGEN3,AIGEN3,AIGEN3,AIGEN3,,,65.97222,-150.55111,Boar Stud,200,,,,,,,,,PRRS,ORF5,ATGTTGGGGAAATGCTTGACCGCGGGCTGTTGCTCGCAATTGCTTTTTTTGTGGTGTATCGTGCCGTTCTGTTTTGTTGCGCTCGTCAACGCCAACAACAGCAGCAGCTCCCATTTACACTCGATTTATAACCTGACAATATGTGAGCTGAATGGCACAGATTGGCTAAATAAAAAATTTGATTGGGCAGTGGAGACCTTTGTCATCTTTCCTGTATTGACTCACATCGTCTCCTATGGTGCCCTCACCACCAGCCATTTCCTTGACACAGTCGGTTTGGTCACTGTGTCCACCGCCGGATACTACCACGGGCGGTATGTCCTGAGTAGCATTTACGCTGTCTGCGCCCTGGCCGCGCTGATTTGCTTCGCCATCAGGCTGACGAAAAACTGCATGTCCTGGCGCTACTCATGTACTAGGTATACTAACTTTCTTCTAGACACCAAGGGCAAACTCTATCGTTGGCGGTCTCCCGTCATCATAGAGAAAGGGGGAAAAATCGAGGTCAACGGTCACTTGATCGACCTCAAGAGAGTTGTGCTTGATGGTTCCGCGGCAACCCCTGTAACCAAAGTTTCAGCGGAACAATGGGGTCGTCCTTAG,1_18_4,,06-IGEN,2006028296,Lab1,,,,,,,,,,,,,,,,,,
Ad-20110913-AHARF3,9/13/2011,AHARF3,AHARF3,AHARF3,AHARF3,,,65.94944,-150.67806,Finish,20,,,,,,,,,PRRS,ORF5,ATGTTGGGGAAATGCTTGACCGCGGGCTGTTGCTCGCAGTTGCCTTTTTTGTGGTGTATCGTGCCGTTCTGTTTTGTTGCGCTCACCAACGCCAACAACAGCAGCAGCTCCCATTTACAGTTGATTTATAACCTGACAATATGTGAGCTGAATGGCACGGATTGGCTAAATAAAAAGTTTGATTGGGCAGTGGAGACCTTTGTCATCTTTCCTGTATTGACTCACATCGTCTCCTATGGTGCCCTCACCACCAGCCATTTCCTTGACACAGTCGGTTTGATCACCGTGTCCACCGCCGGATACTTCCACCGGCGGTATGTCCTGAGTAGCATTTACGCTGTCTGCGCCCTGGCCGCGCTGATTTGCTTCGTCATCAGGCTGACAAAAAACTGCATGTCCTGGCGCTACTCATGTACTAGATATACTAATTTTCTTCTAGACACCAAGGGCAAACTCTATCGTTGGCGGTCTCCCGTCATTATAGAGAAAGGGGGAAAAATCGAGGTTAACGGTCACTTGATCGACCTCAAGAAAGTTGTGCTTGATGGTTCCGCAGCAACTCCTGTAACCAAAGTCTCAGCGGAACAATGGGGACGTCCTTAG,1_26_2,NA,11-HARF,118242,Lab2,,,,,,,,,,,,,,,,,,
Ad-20111027-AHLSN3,10/27/2011,AHLSN3,AHLSN3,AHLSN3,AHLSN3,,,66.08083,-151.91111,Finish,300,,,,,,,,,PRRS,ORF5,ATGTTGGGGGAATGCTTGACCGCGGGCTGTTGCTCGCAATTGCTTTCTTTGTGGTGTATCGTGCCGTTCTGTTTTGCTGTGCTCGCCAACGCCAGCAGCAACAACAGCTCCCATCTACAGCTGATTTACAACTTGACGCTATGTGAGCTAAATGGCACAGATTGGCTAGCTAACAAATTTGATTGGGCAGTGGAGAGTTTTGTCATCTTTCCCGTTTTGACTCACATTGTCTCCTATGGTGCCCTCACTACCAGCCATTTCCTTGACACAGTCGCTTTAGTCACTGTGTCTACCGCCGGGTTTGTTCACGAGCGGTATGTCCTAAGTAGCATCTACGCGGTCTGTGCCCTGGCTGCGTTGACTTGCTTCGTCATTAGGTTTGCAAAGAATTGCATGTCCTGGCGCTACGCGTGTACCAGATATACCAATTTTCTTCTGGACACTAAGGGCAGACTCTATCGTTGGCGGTCGCCTGTCATCATAGAGAAAAGGGGCAAAGTTGAGGTCGAAGGTCATCTTATCGACCTCAAAAGAGTTGTGCTTGATGGTTCCGTGGCAACCCCTATAACCAGAGTTTCAGCGGAACAATGGGGTCGTCCTTAG,2_5_2,NA,MLV-like,119098,Lab2,,,,,,,,,,,,,,,,,,
Ad-20111031-ASTEV3,10/31/2011,ASTEV3,ASTEV3,ASTEV3,ASTEV3,,,66.16972,-151.79722,Finish,300,,,,,,,,,PRRS,ORF5,ATGTTGGGGGAATGCTTGACCGCGGGCTGTTGCTCGCGATTGCTTTCTTTGTGGTGTATCGTGCCGTTCTGTTTTGCTGTGCTCGCCAACGCCAGCAACGGCAGCAGCTCCCATCTACAGCTGATTTACAACTTGACGCTATGTGAGCTGAATGGCACAGATTGGCTAGCTAACAAATTTGATTGGGCAGTGGAGAGTTTTGTCATCTTTCCCGTTTTGACTCACATTGTCTCCTATGGTGCCCTCACTACCAGCCATTTCCTTGACACAGTCGCTTTAGTCACTGTGTCTACCGCCGGGTTTGTTCACGGGCGGTATGTCCTAAGTAGCATCTACGCGGTCTGTGCCCTGGCTGCGTTGACTTGCTTCGTCATTAGGTTTGCAAAGAATTGCATGTCCTGGCGCTATGCGTGTACCAGATACACCAACTTTCTTCTGGACACTAAGGGCAAACTCTATCGTTGGCGGTCGCCTGTCATCATAGAGAAAAGGGGCAAAGTTGAGGTCGAAGGTCATCTGATCGACCTCAAAAGAGTTGTGCTTGATGGTTCCGTGGCAACCCCTATAACCAGAGTTTCAGCGGAACAATGGGGTCGTCCTAAG,2_5_2,NA,MLV-like,119133,Lab2,,,,,,,,,,,,,,,,,,
Ad-20111031-ASCHR3,10/31/2011,ASCHR3,ASCHR3,ASCHR3,ASCHR3,,,66.12,-151.89222,Finish,400,,,,,,,,,PRRS,ORF5,ATGTTGGAGAAATGCTTGACCGCGGGCTGTTGCTCGCAATTGCTTTCTTTGTGGTGTATCGTGCCGTTCTGTTTTGCTGTGCTCGCCAACGCCAACAACGTCAGCAGCTCCCATCTACAGCTGATTTACAACTTGACGCTATGTGAGCTGAATGGCACAGATTGGCTAGCTAACAAATTTGATTGGGCAGTGGAGAGTTTTGTCATCTTTCCCGTTTTGACTCACATTGTCTCCTATGGTGCCCTCACTACCAGCCATTTCCTTGACACAGTCGCTTTAGTCACTGTGTCTACCGCCGGGTTTGTTCACGGGCGGTATGTCCTAAGTAGCATCTACGCGGTCTGTGCCCTGGCTGCGTTGACTTGCTTCTTCATTAGGTTTGCAAAGAATTGCATGTCCTGGCGCTACGCGTGTACCAGATACACCAACTTTCTTCTGGACACTAAGGGCAAACTCTATCGTTGGCGGTCGCCTGTCATCATAGAGAAAAGGGGCAAAGTTGAGGTCGAAGGTCATCTGATCGACCTCAAAAGAGTTGTGCTTGATGGTTCCGTGGCAACCCCTATAACCAGAGTTTCAGCGGAGCAATGGGGTCGTCCTTAG,2_5_2,NA,MLV-like,119132,Lab2,,,,,,,,,,,,,,,,,,
Ac-20120302-ARR053,3/2/2012,ARR053,ARR053,ARR053,ARR053,,,65.40621,-154.12108,Finish,500,,,,,,,,,PRRS,ORF5,ATGTTGGGGAAATGCTTGACCGCGGGCTACTGCTCGCAATTGCCTTTTTTGTGGTGTATCGTGCCGTTCTGTYTTGTTGCGCTCATCGACGCCAGCAGCAACAACAGCTCCCATTTACAGTTGATTTACAACCTGACAATATGTGAGCTGAATGGCRCAGAATGGCTAAATGAAAAGTTTGATTGGGCAGTGGAGACCTTTGTCATCTTTCCTGTATTGACTCACATCGTCTCCTATGGTGCCCTCACCACCAGCCATTTCCTTGACACAGTCGGTTTGGTCACTGTGTCCACCGCCGGGTACCGCCACGGGCGGTATGTCCTGAGTAGCATTTATGCTGTCTGCGCCCTGGCTGCGCTGATTTGCTTCGCCATCAGATTGGTGAAGAACTGCATGTCCTGGCGCTATTCATGTACTAGATATACTAACTTTATTCTAGACACCAAGGGCAAACTCTATCGTTGGCGGTCTCCCGTCATCATAGAGAAAGGAGGAAAAGTTGAGGTCAACGGTCACTTGATCGACCTCAAGAGAGTTGTGCTTGATGGTTCCGCTGCAACCCCTGTAACCAAAGTTTCAGCGGAACAATGGGGTCGTCCTTAG,1_26_2,NA,,2012009502,Lab1,,,,,,,,oral fluid,,,,,,,,,,
Ac-20130313-ARR053,3/13/2013,ARR053,ARR053,ARR053,ARR053,,,65.40621,-154.12108,Finish,500,,,,,,,,,PRRS,ORF5,ATGTTGGAGAAATGCTTGACCGCGGGCTGTTGCTCGCAATTGCTTTCTTTGTGGTGTATCGTGCCGTTCTGTTTTGCTGTGCTCGCCAACGCCAGCAACGACAGCAGCTCCCATCTACAGCTGATTTACAACTTGACGCTATGTGAGCTGAATGGCACAGATTGGCTAGCTAACAAATTTGATTGGGCAGTGGAGAGTTTTGTCATCTTTCCCGTTTTGACTCACATTGTCTCCTATGGTGCCCTCACTACCAGCCATTTCCTTGACACAGTCGCTTTAGTCACTGTGTCTACCGCCGGGTTTGTTCACGGGCGGTATGTCCTAAGTAGCATCTACGCGGTCTGTGCCCTGGCTGCGTTGACTTGCTTCGTCATTAGGTTTGCAAAGAATTGCATGTCCTGGCGCTACGCGTGTACCAGATATACCAACTTTCTTCTGGACACTAAGGGCATACTCTATCGTTGGCGGTCGCCTGTCATCATAGAGAAAAGGGGCAAAGTTGAGGTCGAAGGTCATCTGATCGACCTCAAAAGAGTTGTGCTTGATGGTTCCGTGGCAACCCCTATAACCAGAGTTTCAGCGGAACAATGGGGTCGTCCTTAG,2_5_2,NA,,2013009890,Lab1,,,,,,,,serum,,,,,,,,,,
Ac-20131220-ARR043,12/20/2013,ARR043,ARR043,ARR043,ARR043,,,65.40489,-154.10327,Finish,500,,,,,,,,,PRRS,ORF5,ATGTTGGGGAAATGCTTGACCGCGGGTTGTTGCTCGCAATTGCCTTTTTTGTGGTGTATCGTGCCATTCTGTCTTGCTGCGCTCGTCAACGCCAGCAACGGCAGCAGCTCCCATTTACAGTTGATTTATAACTTGACGATATGTGAGCTGAATGGCACAGATTGGCTGGGCAACAAATTTGACTGGGCAGTGGAGACTTTCGTTATCTTTCCTGTGTTGACCCATATTGTCTCTTATGGCGCCCTTACCACCAGCCACTTTCTTGACACGATCGGCCTGATCACTGTGTCCACCGCCGGATACTATCACAGGCGGTATGTATTGAGTAGCATTTATGCTGTCTGTGCCCTGGCTGCGTTTACTTGCTTCGCCATCAGGTTGGCGAAAAATTGCATGTCCTGGCGCTACTCATGTACCAGATACACCAATTTTCTTCTGGATACCAAGGGCAAACTCTACCGCTGGCGGTCATCCGTCATCATAGAGAAGGGGGGTAGAGTTGATGTCGGGGGTCAATTGATCGACCTCAAAAGAGTTGTGCTCGAAGGTTCCGCGGCAACTCCTGTAACCAGGATTTCAGCGGAACAATGGGGACGTCCATAG,2_6_2,NA,,2013058694,Lab1,,,,,,,,oral fluid,,,,,,,,,,
Ac-20140218-ARR043,2/18/2014,ARR043,ARR043,ARR043,ARR043,,,65.40489,-154.10327,Finish,500,,,,,,,,,PRRS,ORF5,ATGTTGGAGAAATGCTTGACCGCGGGCTGTTGCTCGCGATTGCTTTCTTTGTGGTGTATCGTGCCGTTCTGTTTTGCTGTGCTCGCCAACGCCAGCAACGACAGCAGCTCCCATCTACAGCTGATTTACAACTTGACGCTATGTGAGCTGAATGGCACAGATTGGCTAGCTAACAAATTTGATTGGGCAGTGGAGAGTTTTGTCATCTTTCCCGTTTTGACTCACATTGTCTCCTATGGTGCCCTCACTACCAGCCATTTCCTTGACACAGTCGCTTTAGTCACTGTGTCTACCGCCGGGTTTGTTCACGGGCGGTATGTCCTAAGTAGCATCTACGCGGTCTGTGCCCTGGCTGCGTTGACTTGCTTCGTCATTAGGTTTGCAAAGAATTGCATGTCCTGGCGCTACGCGTGTACCAGATATACCAACTTTCTTCTGGACACTAAGGGCAGACTCTATCGTTGGCGGTCGCCTGTCATCATAGAGAAAAGGGGCAAAGTTGAGGTCGAAGGTCATCTGATCGACCTCAAAAGAGTTGTGCTTGATGGTTCCGTGGCAACCCCTATAACCAGAGTTTCAGCGGAACAATGGGGTCGTCCTTAG,2_5_2,NA,,2014008473,Lab1,,,,,,,,oral fluid,,,,,,,,,,
Ac-20111216-ASP203,12/16/2011,ASP203,ASP203,ASP203,ASP203,,,65.41756,-153.92742,Finish,600,,,,,,,,,PRRS,ORF5,ATGTTGGGGAAATGCTTGACCGCGGGTTATTGCTCGCAATTGCCTTTTTTGTGGTGTATCGTGCCATTCTGTCTTGCTGCGCTCGTCAACGCCAGCAACGGCAACAGCTCCCATTTACAGTTGATTTATAACCTGACGATATGTGAGCTGAATGGCACAGATTGGCTGAACAACAAGTTTGACTGGGCAGTGGAGACTTTCGTTATCTTTCCTGTGTTGACTCATATTGTCTCTTATGGCGCCCTTACCACTAGCCATTTTCTTGACACGATCGGCCTGATCACTGTGTCCACCGCCGGATATTATCACGGGCGGTATGTATTGAGTAGCATTTACGCTGTCTGTGCCCTGGCTGCGTTTACTTGCTTCGCCATTAGGTTGGCGAAAAATTGCATGTCCTGGCGCTACTCGTGTACCAGATATACCAATTTTCTTCTGGATACTAAGGGCAAACTCTACCGCTGGCGGTCATCCGTCATCATAGAGAAGGGGGGTAGAGTTGATGTTGGGGGTCATTTGATCGACCTCAAAAGAGTTGTGCTCGATGGTTCCGCGGCAACTCCTGTAACCAGGATTTCAGCGGAACAATGGGGTCGTCCATAG,1_4_4,NA,,,Lab1,,,,,,,,,,,,,,,,,,
Ac-20120210-AG0083,2/10/2012,AG0083,AG0083,AG0083,AG0083,,,65.58132,-153.71156,Finish,600,,,,,,,,,PRRS,ORF5,ATGTTGGGGAAATGCTTGACCGCGGGTTATTGCTCGCAATTGCCTTTTTTGTGGTGTATCGTGCCATTCTGTCTTGCTGCGCTCGTCAACGCCAGCAACGGCAACAGCTCCCATTTACAGTTGATTTATAACCTGACGATATGCGAGCTGAATGGCACAGATTGGCTGAACAACAATTTTGACTGGGCAGTGGAGACTTTCGTCATCTTTCCTGTGTTGACACATATTGTCTCTTATGGCGCCCTTACCACTAGCCATTTTCTTGACACGATCGGCCTGATCACTGTGTCCACCGCCGGATATTATCACGGGCGGTATGTATTGAGTAGCATTTACGCTGTCTGTGCCCTGGCTGCGTTTACTTGCTTCGCCATTAGGTTGGCGAAAAATTGCATGTCCTGGCGCTACTCATGTACCAGATATACCAATTTTCTTCTGGATACTAAGGGCAAACTCTACCGCTGGCGGTCATCCATCATCATAGAGAAGGGGGGTAGAGTTGATGTTGGGGGTCATTTGATCGACCTCAAAAGAGTTGTGCTCGATGGTTCCGCGGCAACTCCTGTAACCAGGATTTCAGCGGAACAATGGGGTCGTCCATAG,1_4_4,NA,,2012005353,Lab1,,,,,,,,serum,,,,,,,,,,
Ac-20120531-ALJ013,5/31/2012,ALJ013,ALJ013,ALJ013,ALJ013,,,65.366511,-153.858876,Finish,600,,,,,,,,,PRRS,ORF5,ATGTTGGGGAGATGCTTGACCGCGGGCTGTTGCTCGCGATTGCTTTCTTTGTGGTGTATCGTGCCATTTTGTTTTGTTGCGCTCGTCAACGCCAACAGCAACAGCAGCTCTCATCTTCAGTTAATTTACAACTTGACGCTATGTGAGCTGAATGGCACAGATTGGCTGAAAGACAAATTTGATTGGGCAGTGGAGACTTTTGTCATCTTTCCCGTGTTGACTCACATTGTCTCATATAGTGCACTCACCACCAGCCATTTCCTTGACACAGTCGGTCTGGTTACTGTGTCTACTGCCGGGTTCTACCACGGGCGGTATGTTCTGAGTAGCATCTACGCGGTCTGCGCTCTGGCCGCATTGACTTGCTTCGTCATTAGGCTTGCGAGGAATTGCATGTCCTGGCGCTACTCTTGTACCAGATATACTAACTTCCTTCTGGACACTAAGGGCAGACTCTATCGCTGGCGGTCGCCCGTTATCATAGAGAAAGGGGGTAAGGTTGAGGTCGAAGGTCACCTGATCGACCTCAAAAGAGTCGTGCTTGATGGTTCCGTGGCAACCCCTTTAACCAGAGTTTCAGCGGAACAATGGGGTCGTCTTTAG,1_4_2,NA,,2012017893,Lab1,,,,,,,,tissues,,,,,,,,,,
Ad-20080820-AWINN3,8/20/2008,AWINN3,AWINN3,AWINN3,AWINN3,,,66.22444,-151.26056,Finish,600,,,,,,,,,PRRS,ORF5,ATGTTGGGGAAATGCTTGACCGCGGGCTGTTGCTCGCAATTGCTTTCTTTGTGGTGTATCGTGCCGTTCTGTTTTGCTGTGCTCGTCAACGCCAGCAGCAACAGCAGCTCCCACCTACAGCTAATTTACAACTTGACGCTATGTGAGCTGAATGGCACAGATTGGCTAGCTGACAGATTCGATTGGGCAGTGGAGAGTTTTGTCATCTTTCCCGTTTTGACTCACATTGTTTCCTATGGTGCCCTCACTACCAGCCATTTCCTTGACACAGTCGCTTTAGTCACTGTGTCTACCGCCGGGTTTGTTCATGAGCGGTATGTCCTAAGTAGCATTTACGCGGTCTGTGCCCTGGCTGCGTTAACTTGCTTCGCCATTAGGTTTGCAAAGAATTGCATGTCTTGGCGCTACGCGTGTACCAGATATACCAACTTTCTTCTGGACACTAAGGGCAGACTCTATCGTTGGCGGTCGCCTGTCATCATAGAGAAAAGAGGCAAGGTTGAGGTCGAAGGTCACCTCATTGACCTCAAAAGAGTTGTGCTTGATGGTTCCGTGGCAACCCCTATAACCAGAGTTTCAGCGGAACAATGGGGTCGTCCTTAG,2_6_2,NA,MLV?,98405,Lab2,,,,,,,,,,,,,,,,,,
Ad-20090211-AWINN3,2/11/2009,AWINN3,AWINN3,AWINN3,AWINN3,,,66.22444,-151.26056,Finish,600,,,,,,,,,PRRS,ORF5,ATGTTGGGGAAATGCTTGACCGCGGGCTGTTGCTCGCAATTGCTTTCTTTGTGGTGTATCGTGCCGTTCTGTTTTGCTGTGCTCGTCAACGCCAACAACAGCAGCAGCTCCCACCTACAGCTAATTTACAACTTGACGCTATGTGAGCTGAATGGCACAGATTGGCTAGCTGGCAGATTTGATTGGGCAGTGGAGAGTTTTGTCATCTTTCCCGTTTTGACTCACATTGTTTCCTATGGTGCCCTCACTACCAGCCATTTCCTTGACACAGTTGCTTTAGTCACTGTGTCTACCGCCGGGTTTGTTCATGGGCGGTATGTCCTAAGTAGCATCTACGCGGTCTGTGCCCTGGCTGCGTTAATTTGCTTCGCCATTAGGTTTGCAAAGAATTGCATGTCCTGGCGCTACGCGTGTACCAGATATACCAACTTTCTTCTGGACACTAAGGGCAGACTCTATCGTTGGCGGTCGCCTGTCATCATAGAGAAAAGAGGCAAGGTTGAGGTCGAAGGTCACCTGATCGACCTCAAAAGAGTTGTGCTTGATGGTTCCGTGGCAACCCCTATAACCAGAGTTTCAGCGGAACAATGGGGTCGTCCTTAG,2_2_2,,MLV?,2009004116,Lab1,,,,,,,,,,,,,,,,,,
Ad-20090507-AWINN3,5/7/2009,AWINN3,AWINN3,AWINN3,AWINN3,,,66.22444,-151.26056,Finish,600,,,,,,,,,PRRS,ORF5,ATGTTGGGGAGATGCTTGACCGCGGGCTTTTGCTCGCGATTGCTTTTTTTGTGGTTTATCGTGCCGTTCTGTTTTACTGTGCTCGTCAACGCCAGCAACAACAGCAGCTCCCATTTGCAATTGATTTATAACTTGACACTATGTGAGCTGAATGGCACAGATTGGCTAGCTGGCAACTTTGATTGGGCGGTGGAGTGTTTCGTCATCTTCCCTGTTTTGACTCAYGTCGTTTCCTATGGTGCCCTCACCACTAGCCATTTCCTTGATACAGTCGGCCTGATCACCGTGTCCACCGCCGGGTTCACTCACGGGCGGTTTGTTCTGAGTAGCATTTATGCGGTCTGTGCCCTAGCAGCGTTGATTTGCTTCGTYGTTAGGTTTGCAAAGAATTGCATGTCTTGGCGCTACTCATGTACCAGGTATACCAACTTCCTTCTAGACACTAAGGGCAGACTTTATCGTTGGCGGTCACCCGTCATCATAGAAAGAGGGGGTAAAGTTGAGGTTGAAGGTCACCTGATCGACCTCAAGAGAGTTGTGCTTGATGGTTCCGCGGCCACCCCTATAACCAAAGTTTCAGCGGAACAATGGGGTCATCCCTAG,1_2_4,,Odd,2009013717,Lab1,,,,,,,,,,,,,,,,,,
Ad-20091021-AWINN3,10/21/2009,AWINN3,AWINN3,AWINN3,AWINN3,,,66.22444,-151.26056,Finish,600,,,,,,,,,PRRS,ORF5,ATGTTGGGGAAATGCTTGACCGCGGGCTGTTGCTCGCAATTGCCTTTTTTGTGGTGTATCGTGCCGTTCTGTTTTGTTGCGCTCGTCAACGCCAGCAACAACAGCAGCTCTCATTTACAGTTGATTTATAACCTGACGATATGTGAGCTGAATGGCACAGATTGGCTAAATAAAAACTTTGATTGGGCGGTGGAGACCTTTGTTATCTTTCCCGTGTTGACTCACATTGTCTCCTATGGCGCCCTCACCACCAGCCATTTCCTTGACACAGTCGGTCTATCCACTGTGTCTGCCGCCGGATACTACCACGGGCGGTATGTCTTGAGTAGCATTTACGCTGTCTGCGCCCTGGCTGCGTTAACTTGCTTCGTCATTAGACTGACAAAAAATTGCATGTCCTGGCGTTACTCATGCACCAGATACACTAACTTTCTTCTGGACACTAAGGGCAAACTCTATCGTTGGCGGTCTCCCGTCATCATAGAGAAAGGGGGCAAGATCGAGGTTGAAGGTCACCTGATCGACCTCAAGAGAGTTGTGCTTGACGGTTCCGCGGCAACCCCTGTAACCAAAGTTTCAGCGGAACAATGGGGTCGTCCTTAG,1_7_4,,Odd,2009029812,Lab1,,,,,,,,,,,,,,,,,,
Ac-20120531-ALJ033,5/31/2012,ALJ033,ALJ033,ALJ033,ALJ033,,,65.351427,-153.877149,Finish,700,,,,,,,,,PRRS,ORF5,ATGTTGGGGAAATGCTTGATCGCGGGCTGTTGCTCGCAGTTGCTTTTTTTGTGGTGTATCGTGCCGTTCTGTTTTGTTGCACCCACCAACGCCAGCAACAGCAGCAGCTCCCATTTACAGTTGATTTATAACCTGACAATATGTGAGCTGAATGGCACAGATTGGCTAAATCAAAAATTTAGTTGGGCAGTGGAAACCTTTGTCATCTTTCCTGTGTTGACTCACATCGTCTCCTATGGTGCCCTCACTACCAGCCATTTCCTTGACACAGTCGGTTTGATCACTGTGTCCACCGCCGGATACTGCCACGGGCGGTATGTCCTGAGTAGCATTTATGCTGCCTGCGCCTTGGCTGCGCTGATTTGCTTCGCCATCAGGCTGACAAAAAACTGCATGTCCTGGCGCCACTCATGTACTAGATATACTAATTTTCTTTTGGACACCAAGGGCAAACTCTACCGTTGGCGGTCTCCCGTCATTATAGAGAAAGGGGGAAAAATCGAGGTTAACGGTCACTTGATCGACCTCAAGAAAGTTGTGCTTGATGGTTCCGCAGCAACCCCTGTAACCAAAGTTTCAGCGGAACAATGGGGACATCCTTAG,1_37_1,NA,,2012019939,Lab1,,,,,,,,oral fluid,,,,,,,,,,
Ad-20111027-AWIRE3,10/27/2011,AWIRE3,AWIRE3,AWIRE3,AWIRE3,,,66.46028,-151.82833,Finish,800,,,,,,,,,PRRS,ORF5,ATGTTGGAGAAATGCTTGACCGCGGGCTGTTGCTCGCGATTGCTTTCTTTGTGGTGTATCGTGCCGTTCTGTTTTGCTGTGCTCGCCAACGCCAGCAACAACAGCAGCTCCCATCTACAGCTGATTTACAACTTGACGCTATGTGAGCTGAATGGCACAGATTGGCTAGCTAACAAATTTGATTGGGCAGTGGAGAGTTTTGTCATCTTTCCCGTTTTGACTCACATTGTCTCCTATGGTGCCCTCACTACCAGCCATTTCCTTGACACAGTCGCTTTAGTCACTGTGTCTACCGCCGGGTTTGTTCACGGGCGGTATGTCCTAAGTAGCATCTACGCGGTCTGTGCCCTGGCTGCGTTGACTTGCTTCGTCATTAGGTTTGCAAAGAATTGCATGTCCTGGCGCTACGCGTGTACCAGATACACCAACTTTCTTCTGGACACTAAGGGCAAACTCTATCGTTGGCGGTCGCCCGTCATCATAGAGAAAAGGGGCAAAGTTGAGGTCGAAGGTCATCTGATCGACCTCAAAAGAGTTGTGCTTGATGGTTCCGTGGCAACCCCTATAACCAGAGTTTCAGCGGAACAATGGGGTCGTCCTTAG,2_5_2,NA,MLV-like,119102,Lab2,,,,,,,,,,,,,,,,,,
